caller,caller_module,callee,callee_module,call_count,lines
CF_ModeReference.CF_BuildReferencePlan,CF_ModeReference,CompareFramework_Report.PrepareSheet,CompareFramework_Report,1,278
CF_ModeReference.CF_OpenReferenceLauncher,CF_ModeReference,CompareFramework_Report.PrepareSheet,CompareFramework_Report,1,538
CF_ModeReference.CF_ReferenceBuildSummary,CF_ModeReference,CompareFramework_Report.PrepareSheet,CompareFramework_Report,1,429
CF_ModeReference.CF_ReferenceBuildSummary,CF_ModeReference,CompareFramework_Utils.LastUsedRow,CompareFramework_Utils,1,440
CF_ModeReference.CF_ReferenceIsTargetSheet,CF_ModeReference,CompareFramework_Utils.IsReportOrStatsSheet,CompareFramework_Utils,1,315
CF_ModeReference.CF_ReferencePlanSetStatus,CF_ModeReference,CompareFramework_Utils.LastUsedRow,CompareFramework_Utils,1,372
CF_ModeReference.CF_ReferenceSheetHasKey,CF_ModeReference,CompareFramework_EngineMemory.CF_MemoryHeaders,CompareFramework_EngineMemory,1,351
CF_ModeReference.CF_ReferenceSheetHasKey,CF_ModeReference,CompareFramework_EngineMemory.CF_ReadUsedData,CompareFramework_EngineMemory,1,350
CF_ModeReference.CF_ReferenceSheetHasKey,CF_ModeReference,CompareFramework_Index.HeaderIndex,CompareFramework_Index,1,352
CF_ModeReference.CF_RunAgainstReference,CF_ModeReference,CompareFramework_Audit.CF_AuditFail,CompareFramework_Audit,1,258
CF_ModeReference.CF_RunAgainstReference,CF_ModeReference,CompareFramework_Audit.CF_AuditSet,CompareFramework_Audit,4,234;235;236;237
CF_ModeReference.CF_RunAgainstReference,CF_ModeReference,CompareFramework_ComparatorConfig.CF_LoadComparatorConfig,CompareFramework_ComparatorConfig,1,97
CF_ModeReference.CF_RunAgainstReference,CF_ModeReference,CompareFramework_Config.LoadCompareConfig,CompareFramework_Config,1,95
CF_ModeReference.CF_RunAgainstReference,CF_ModeReference,CompareFramework_Config.NormalizeList,CompareFramework_Config,1,100
CF_ModeReference.CF_RunAgainstReference,CF_ModeReference,CompareFramework_Context.CF_ContextSet,CompareFramework_Context,4,230;231;232;233
CF_ModeReference.CF_RunAgainstReference,CF_ModeReference,CompareFramework_EngineMemory.CF_CompareSheetPairMemory,CompareFramework_EngineMemory,1,132
CF_ModeReference.CF_RunAgainstReference,CF_ModeReference,CompareFramework_Report.BuildActionPlan,CompareFramework_Report,1,209
CF_ModeReference.CF_RunAgainstReference,CF_ModeReference,CompareFramework_Report.FormatActionPlan,CompareFramework_Report,1,224
CF_ModeReference.CF_RunAgainstReference,CF_ModeReference,CompareFramework_Report.FormatAuditLog,CompareFramework_Report,1,225
CF_ModeReference.CF_RunAgainstReference,CF_ModeReference,CompareFramework_Report.FormatDashboard,CompareFramework_Report,1,223
CF_ModeReference.CF_RunAgainstReference,CF_ModeReference,CompareFramework_Report.FormatReport,CompareFramework_Report,1,221
CF_ModeReference.CF_RunAgainstReference,CF_ModeReference,CompareFramework_Report.FormatStats,CompareFramework_Report,1,222
CF_ModeReference.CF_RunAgainstReference,CF_ModeReference,CompareFramework_Report.PrepareSheet,CompareFramework_Report,5,112;113;114;115;116
CF_ModeReference.CF_RunAgainstReference,CF_ModeReference,CompareFramework_Report.WriteAuditLog,CompareFramework_Report,1,210
CF_ModeReference.CF_RunAgainstReference,CF_ModeReference,CompareFramework_Report.WriteDashboard,CompareFramework_Report,1,199
CF_ModeReference.CF_RunAgainstReference,CF_ModeReference,CompareFramework_Report.WriteGlobalSummary,CompareFramework_Report,1,188
CF_ModeReference.CF_RunAgainstReference,CF_ModeReference,CompareFramework_Report.WriteReportHeader,CompareFramework_Report,1,120
CF_ModeReference.CF_RunAgainstReference,CF_ModeReference,CompareFramework_Report.WriteReportRow,CompareFramework_Report,2,149;171
CF_ModeReference.CF_RunAgainstReference,CF_ModeReference,CompareFramework_Report.WriteStatsHeader,CompareFramework_Report,1,121
CF_ModeReference.CF_RunAgainstReference,CF_ModeReference,CompareFramework_Rules.LoadCompareRules,CompareFramework_Rules,1,96
CompareFramework_API.CF_ExportLastReportHTML,CompareFramework_API,CompareFramework_Report.ExporterRapportHTML,CompareFramework_Report,1,25
CompareFramework_API.CF_OpenSettings,CompareFramework_API,CompareFramework_ComparatorConfig.CF_OpenComparatorConfig,CompareFramework_ComparatorConfig,1,30
CompareFramework_API.CF_RunDiagnostics,CompareFramework_API,CompareFramework_Main.DiagnosticFramework,CompareFramework_Main,1,35
CompareFramework_API.CF_RunReleaseValidation,CompareFramework_API,CompareFramework_Quality.CF_RunGlobalRegression,CompareFramework_Quality,1,40
CompareFramework_API.CF_RunStandardComparison,CompareFramework_API,CompareFramework_Validation.CF_RunValidated,CompareFramework_Validation,1,20
CompareFramework_API.CF_StartReferenceComparison,CompareFramework_API,CF_ModeReference.CF_OpenReferenceLauncher,CF_ModeReference,1,15
CompareFramework_Audit.CF_AuditBegin,CompareFramework_Audit,CompareFramework_Context.CF_ContextSet,CompareFramework_Context,4,52;53;54;55
CompareFramework_Audit.CF_AuditDurationSeconds,CompareFramework_Audit,CompareFramework_Utils.CF_RoundCompat,CompareFramework_Utils,1,190
CompareFramework_Audit.CF_AuditEnd,CompareFramework_Audit,CompareFramework_Context.CF_ContextSet,CompareFramework_Context,3,115;116;117
CompareFramework_Audit.CF_AuditFail,CompareFramework_Audit,CompareFramework_Context.CF_ContextSet,CompareFramework_Context,2,93;94
CompareFramework_Audit.CF_AuditGetProfileName,CompareFramework_Audit,CompareFramework_Context.CF_ContextGet,CompareFramework_Context,2,239;241
CompareFramework_ComparatorConfig.CF_LoadComparatorConfig,CompareFramework_ComparatorConfig,CompareFramework_Context.CF_ContextSet,CompareFramework_Context,1,93
CompareFramework_ComparatorConfig.CF_LoadComparatorConfig,CompareFramework_ComparatorConfig,CompareFramework_Utils.CellText,CompareFramework_Utils,6,73;82;83;84;85;86
CompareFramework_ComparatorConfig.CF_LoadComparatorConfig,CompareFramework_ComparatorConfig,CompareFramework_Utils.LastUsedRow,CompareFramework_Utils,1,63
CompareFramework_ComparatorConfig.CF_ResolveComparatorConfig,CompareFramework_ComparatorConfig,CompareFramework_Context.CF_ContextGet,CompareFramework_Context,1,103
CompareFramework_ComparatorConfig.CF_RunComparatorConfigTests,CompareFramework_ComparatorConfig,CompareFramework_Context.CF_ContextSet,CompareFramework_Context,1,149
CompareFramework_ComparatorConfig.CF_RunComparatorConfigTests,CompareFramework_ComparatorConfig,CompareFramework_Utils.LastUsedRow,CompareFramework_Utils,1,145
CompareFramework_Comparators.CF_TextEqual,CompareFramework_Comparators,CompareFramework_Config.NormalizeCompareValue,CompareFramework_Config,2,83;84
CompareFramework_Comparators.CF_TypedValuesEqual,CompareFramework_Comparators,CompareFramework_ComparatorConfig.CF_ResolveComparatorConfig,CompareFramework_ComparatorConfig,1,24
CompareFramework_Config.ColumnIsIgnored,CompareFramework_Config,CompareFramework_Utils.NormalizeHeader,CompareFramework_Utils,1,181
CompareFramework_Config.FindIdColumn,CompareFramework_Config,CompareFramework_Utils.NormalizeHeader,CompareFramework_Utils,1,212
CompareFramework_Config.LoadCompareConfig,CompareFramework_Config,CompareFramework_Rules.LoadCompareRules,CompareFramework_Rules,1,37
CompareFramework_Config.LoadCompareConfig,CompareFramework_Config,CompareFramework_Utils.CellText,CompareFramework_Utils,2,21;22
CompareFramework_Config.LoadCompareConfig,CompareFramework_Config,CompareFramework_Utils.LastUsedRow,CompareFramework_Utils,1,18
CompareFramework_Config.TokenInList,CompareFramework_Config,CompareFramework_Utils.NormalizeHeader,CompareFramework_Utils,1,186
CompareFramework_Config.WriteDefaultConfig,CompareFramework_Config,CompareFramework_Utils.SetCell,CompareFramework_Utils,18,56;57;58;60;61;62;64;65;66;68;69;70;72;73;74;76;77;78
CompareFramework_Config.WriteDefaultRulesSheet,CompareFramework_Config,CompareFramework_Utils.SetCell,CompareFramework_Utils,32,104;105;106;107;108;109;110;111;113;114;115;116;117;118;119;120;122;123;124;125;126;127;128;129;131;132;133;134;135;136;137;138
CompareFramework_EngineMemory.CF_CompareAllSheetsInMemory,CompareFramework_EngineMemory,CompareFramework_Audit.CF_AuditFail,CompareFramework_Audit,1,75
CompareFramework_EngineMemory.CF_CompareAllSheetsInMemory,CompareFramework_EngineMemory,CompareFramework_Audit.CF_AuditSet,CompareFramework_Audit,3,59;60;61
CompareFramework_EngineMemory.CF_CompareAllSheetsInMemory,CompareFramework_EngineMemory,CompareFramework_ComparatorConfig.CF_LoadComparatorConfig,CompareFramework_ComparatorConfig,1,27
CompareFramework_EngineMemory.CF_CompareAllSheetsInMemory,CompareFramework_EngineMemory,CompareFramework_Config.LoadCompareConfig,CompareFramework_Config,1,25
CompareFramework_EngineMemory.CF_CompareAllSheetsInMemory,CompareFramework_EngineMemory,CompareFramework_Context.CF_ContextSet,CompareFramework_Context,7,53;54;55;56;57;58;74
CompareFramework_EngineMemory.CF_CompareAllSheetsInMemory,CompareFramework_EngineMemory,CompareFramework_Report.BuildActionPlan,CompareFramework_Report,1,44
CompareFramework_EngineMemory.CF_CompareAllSheetsInMemory,CompareFramework_EngineMemory,CompareFramework_Report.FormatActionPlan,CompareFramework_Report,1,49
CompareFramework_EngineMemory.CF_CompareAllSheetsInMemory,CompareFramework_EngineMemory,CompareFramework_Report.FormatAuditLog,CompareFramework_Report,1,50
CompareFramework_EngineMemory.CF_CompareAllSheetsInMemory,CompareFramework_EngineMemory,CompareFramework_Report.FormatDashboard,CompareFramework_Report,1,48
CompareFramework_EngineMemory.CF_CompareAllSheetsInMemory,CompareFramework_EngineMemory,CompareFramework_Report.FormatReport,CompareFramework_Report,1,46
CompareFramework_EngineMemory.CF_CompareAllSheetsInMemory,CompareFramework_EngineMemory,CompareFramework_Report.FormatStats,CompareFramework_Report,1,47
CompareFramework_EngineMemory.CF_CompareAllSheetsInMemory,CompareFramework_EngineMemory,CompareFramework_Report.PrepareSheet,CompareFramework_Report,5,19;20;21;22;23
CompareFramework_EngineMemory.CF_CompareAllSheetsInMemory,CompareFramework_EngineMemory,CompareFramework_Report.WriteAuditLog,CompareFramework_Report,1,45
CompareFramework_EngineMemory.CF_CompareAllSheetsInMemory,CompareFramework_EngineMemory,CompareFramework_Report.WriteDashboard,CompareFramework_Report,1,43
CompareFramework_EngineMemory.CF_CompareAllSheetsInMemory,CompareFramework_EngineMemory,CompareFramework_Report.WriteGlobalSummary,CompareFramework_Report,1,42
CompareFramework_EngineMemory.CF_CompareAllSheetsInMemory,CompareFramework_EngineMemory,CompareFramework_Report.WriteReportHeader,CompareFramework_Report,1,31
CompareFramework_EngineMemory.CF_CompareAllSheetsInMemory,CompareFramework_EngineMemory,CompareFramework_Report.WriteStatsHeader,CompareFramework_Report,1,32
CompareFramework_EngineMemory.CF_CompareAllSheetsInMemory,CompareFramework_EngineMemory,CompareFramework_Rules.LoadCompareRules,CompareFramework_Rules,1,26
CompareFramework_EngineMemory.CF_CompareDetectedPairsMemory,CompareFramework_EngineMemory,CompareFramework_Utils.FindNewSheetForBase,CompareFramework_Utils,1,93
CompareFramework_EngineMemory.CF_CompareDetectedPairsMemory,CompareFramework_EngineMemory,CompareFramework_Utils.IsOldSheetName,CompareFramework_Utils,1,92
CompareFramework_EngineMemory.CF_CompareDetectedPairsMemory,CompareFramework_EngineMemory,CompareFramework_Utils.IsReportOrStatsSheet,CompareFramework_Utils,1,90
CompareFramework_EngineMemory.CF_CompareDetectedPairsMemory,CompareFramework_EngineMemory,CompareFramework_Utils.PairBaseName,CompareFramework_Utils,1,91
CompareFramework_EngineMemory.CF_CompareFallbackMemory,CompareFramework_EngineMemory,CompareFramework_Report.WriteReportRow,CompareFramework_Report,1,125
CompareFramework_EngineMemory.CF_CompareFallbackMemory,CompareFramework_EngineMemory,CompareFramework_Utils.IsReportOrStatsSheet,CompareFramework_Utils,1,115
CompareFramework_EngineMemory.CF_CompareMemoryRows,CompareFramework_EngineMemory,CompareFramework_Comparators.CF_TypedValuesEqual,CompareFramework_Comparators,1,283
CompareFramework_EngineMemory.CF_CompareMemoryRows,CompareFramework_EngineMemory,CompareFramework_Config.ColumnIsIgnored,CompareFramework_Config,1,276
CompareFramework_EngineMemory.CF_CompareMemoryRows,CompareFramework_EngineMemory,CompareFramework_Config.IgnoreThisEmptyChange,CompareFramework_Config,1,286
CompareFramework_EngineMemory.CF_CompareMemoryRows,CompareFramework_EngineMemory,CompareFramework_Config.NormalizeCompareValue,CompareFramework_Config,2,281;282
CompareFramework_EngineMemory.CF_CompareMemoryRows,CompareFramework_EngineMemory,CompareFramework_Index.HeaderIndex,CompareFramework_Index,1,277
CompareFramework_EngineMemory.CF_CompareMemoryRows,CompareFramework_EngineMemory,CompareFramework_Report.WriteReportRow,CompareFramework_Report,1,288
CompareFramework_EngineMemory.CF_CompareMemoryRows,CompareFramework_EngineMemory,CompareFramework_Rules.ShouldIgnoreDifference,CompareFramework_Rules,1,287
CompareFramework_EngineMemory.CF_CompareMemoryRows,CompareFramework_EngineMemory,CompareFramework_Utils.RowNumberText,CompareFramework_Utils,2,288
CompareFramework_EngineMemory.CF_CompareSheetPairMemory,CompareFramework_EngineMemory,CompareFramework_Config.FindIdColumn,CompareFramework_Config,2,149;150
CompareFramework_EngineMemory.CF_CompareSheetPairMemory,CompareFramework_EngineMemory,CompareFramework_Index.FindRowInIndex,CompareFramework_Index,2,174;190
CompareFramework_EngineMemory.CF_CompareSheetPairMemory,CompareFramework_EngineMemory,CompareFramework_Index.QuickSortIndex,CompareFramework_Index,2,165;166
CompareFramework_EngineMemory.CF_CompareSheetPairMemory,CompareFramework_EngineMemory,CompareFramework_Report.WriteReportRow,CompareFramework_Report,3,153;176;192
CompareFramework_EngineMemory.CF_CompareSheetPairMemory,CompareFramework_EngineMemory,CompareFramework_Report.WriteStatsRow,CompareFramework_Report,2,157;198
CompareFramework_EngineMemory.CF_CompareSheetPairMemory,CompareFramework_EngineMemory,CompareFramework_Rules.ReportColumnDifferences,CompareFramework_Rules,1,170
CompareFramework_EngineMemory.CF_CompareSheetPairMemory,CompareFramework_EngineMemory,CompareFramework_Utils.RowNumberText,CompareFramework_Utils,2,176;192
CompareFramework_EngineMemory.CF_ReadUsedData,CompareFramework_EngineMemory,CompareFramework_Utils.LastUsedCol,CompareFramework_Utils,1,214
CompareFramework_EngineMemory.CF_ReadUsedData,CompareFramework_EngineMemory,CompareFramework_Utils.LastUsedRow,CompareFramework_Utils,1,213
CompareFramework_EngineMemory.CF_ReportMemoryDuplicates,CompareFramework_EngineMemory,CompareFramework_Report.WriteReportRow,CompareFramework_Report,1,326
CompareFramework_EngineMemory.CF_ReportMemoryDuplicates,CompareFramework_EngineMemory,CompareFramework_Utils.RowNumberText,CompareFramework_Utils,2,326
CompareFramework_EngineMemory.CF_RunMemoryEngineTests,CompareFramework_EngineMemory,CompareFramework_Config.FindIdColumn,CompareFramework_Config,1,357
CompareFramework_EngineMemory.CF_RunMemoryEngineTests,CompareFramework_EngineMemory,CompareFramework_Tests.CF_CreateTestWorkbook,CompareFramework_Tests,1,352
CompareFramework_Index.BuildIdIndex,CompareFramework_Index,CompareFramework_Utils.CellText,CompareFramework_Utils,1,15
CompareFramework_Index.HeaderIndex,CompareFramework_Index,CompareFramework_Utils.NormalizeHeader,CompareFramework_Utils,2,126
CompareFramework_Index.ReadHeaders,CompareFramework_Index,CompareFramework_Utils.CellText,CompareFramework_Utils,1,117
CompareFramework_Index.ReportDuplicateIds,CompareFramework_Index,CompareFramework_Report.WriteReportRow,CompareFramework_Report,1,102
CompareFramework_Index.ReportDuplicateIds,CompareFramework_Index,CompareFramework_Utils.RowNumberText,CompareFramework_Utils,2,102
CompareFramework_Main.CF_RunAudited,CompareFramework_Main,CompareFramework_Audit.CF_AuditBegin,CompareFramework_Audit,1,260
CompareFramework_Main.CF_RunAudited,CompareFramework_Main,CompareFramework_Audit.CF_AuditEnd,CompareFramework_Audit,3,268;279;285
CompareFramework_Main.CF_RunAudited,CompareFramework_Main,CompareFramework_Audit.CF_AuditFail,CompareFramework_Audit,1,284
CompareFramework_Main.CF_RunAudited,CompareFramework_Main,CompareFramework_Audit.CF_AuditSet,CompareFramework_Audit,5,263;264;267;274;278
CompareFramework_Main.CF_RunAudited,CompareFramework_Main,CompareFramework_Context.CF_ContextBeginRun,CompareFramework_Context,1,261
CompareFramework_Main.CF_RunAudited,CompareFramework_Main,CompareFramework_Context.CF_ContextEndRun,CompareFramework_Context,3,269;280;290
CompareFramework_Main.CF_RunAudited,CompareFramework_Main,CompareFramework_Context.CF_ContextSet,CompareFramework_Context,2,288;289
CompareFramework_Main.CF_RunAudited,CompareFramework_Main,CompareFramework_Validation.CF_ValidateFramework,CompareFramework_Validation,1,266
CompareFramework_Main.CF_RunMilestoneA,CompareFramework_Main,CompareFramework_Audit.CF_AuditBegin,CompareFramework_Audit,1,57
CompareFramework_Main.CF_RunMilestoneA,CompareFramework_Main,CompareFramework_Audit.CF_AuditEnd,CompareFramework_Audit,2,61;66
CompareFramework_Main.CF_RunMilestoneA,CompareFramework_Main,CompareFramework_Audit.CF_AuditFail,CompareFramework_Audit,1,65
CompareFramework_Main.CF_RunMilestoneA,CompareFramework_Main,CompareFramework_Audit.CF_AuditSet,CompareFramework_Audit,1,59
CompareFramework_Main.CF_RunMilestoneA,CompareFramework_Main,CompareFramework_Context.CF_ContextBeginRun,CompareFramework_Context,1,58
CompareFramework_Main.CF_RunMilestoneA,CompareFramework_Main,CompareFramework_Context.CF_ContextEndRun,CompareFramework_Context,2,62;67
CompareFramework_Main.CF_RunMilestoneA,CompareFramework_Main,CompareFramework_EngineMemory.CF_CompareAllSheetsInMemory,CompareFramework_EngineMemory,1,60
CompareFramework_Main.CF_RunMilestoneB,CompareFramework_Main,CompareFramework_Audit.CF_AuditBegin,CompareFramework_Audit,1,340
CompareFramework_Main.CF_RunMilestoneB,CompareFramework_Main,CompareFramework_Audit.CF_AuditEnd,CompareFramework_Audit,2,344;349
CompareFramework_Main.CF_RunMilestoneB,CompareFramework_Main,CompareFramework_Audit.CF_AuditFail,CompareFramework_Audit,1,348
CompareFramework_Main.CF_RunMilestoneB,CompareFramework_Main,CompareFramework_Audit.CF_AuditSet,CompareFramework_Audit,1,342
CompareFramework_Main.CF_RunMilestoneB,CompareFramework_Main,CompareFramework_Context.CF_ContextBeginRun,CompareFramework_Context,1,341
CompareFramework_Main.CF_RunMilestoneB,CompareFramework_Main,CompareFramework_Context.CF_ContextEndRun,CompareFramework_Context,2,345;350
CompareFramework_Main.CF_RunMilestoneB,CompareFramework_Main,CompareFramework_EngineMemory.CF_CompareAllSheetsInMemory,CompareFramework_EngineMemory,1,343
CompareFramework_Main.CF_RunMilestoneB_ConfigTests,CompareFramework_Main,CompareFramework_ComparatorConfig.CF_RunComparatorConfigTests,CompareFramework_ComparatorConfig,1,382
CompareFramework_Main.CF_RunMilestoneB_ConfigTests,CompareFramework_Main,CompareFramework_Comparators.CF_RunTypedComparatorTests,CompareFramework_Comparators,1,381
CompareFramework_Main.CF_RunMilestoneB_Configured,CompareFramework_Main,CompareFramework_Audit.CF_AuditBegin,CompareFramework_Audit,1,362
CompareFramework_Main.CF_RunMilestoneB_Configured,CompareFramework_Main,CompareFramework_Audit.CF_AuditEnd,CompareFramework_Audit,2,369;375
CompareFramework_Main.CF_RunMilestoneB_Configured,CompareFramework_Main,CompareFramework_Audit.CF_AuditFail,CompareFramework_Audit,1,374
CompareFramework_Main.CF_RunMilestoneB_Configured,CompareFramework_Main,CompareFramework_Audit.CF_AuditSet,CompareFramework_Audit,1,365
CompareFramework_Main.CF_RunMilestoneB_Configured,CompareFramework_Main,CompareFramework_ComparatorConfig.CF_LoadComparatorConfig,CompareFramework_ComparatorConfig,1,364
CompareFramework_Main.CF_RunMilestoneB_Configured,CompareFramework_Main,CompareFramework_Context.CF_ContextBeginRun,CompareFramework_Context,1,363
CompareFramework_Main.CF_RunMilestoneB_Configured,CompareFramework_Main,CompareFramework_Context.CF_ContextEndRun,CompareFramework_Context,2,370;376
CompareFramework_Main.CF_RunMilestoneB_Configured,CompareFramework_Main,CompareFramework_Context.CF_ContextGet,CompareFramework_Context,1,365
CompareFramework_Main.CF_RunMilestoneB_Configured,CompareFramework_Main,CompareFramework_EngineMemory.CF_CompareAllSheetsInMemory,CompareFramework_EngineMemory,1,367
CompareFramework_Main.CF_RunMilestoneB_Final,CompareFramework_Main,CompareFramework_Audit.CF_AuditBegin,CompareFramework_Audit,1,393
CompareFramework_Main.CF_RunMilestoneB_Final,CompareFramework_Main,CompareFramework_Audit.CF_AuditEnd,CompareFramework_Audit,2,403;409
CompareFramework_Main.CF_RunMilestoneB_Final,CompareFramework_Main,CompareFramework_Audit.CF_AuditFail,CompareFramework_Audit,1,408
CompareFramework_Main.CF_RunMilestoneB_Final,CompareFramework_Main,CompareFramework_Audit.CF_AuditSet,CompareFramework_Audit,4,399;400;401;402
CompareFramework_Main.CF_RunMilestoneB_Final,CompareFramework_Main,CompareFramework_Context.CF_ContextBeginRun,CompareFramework_Context,1,394
CompareFramework_Main.CF_RunMilestoneB_Final,CompareFramework_Main,CompareFramework_Context.CF_ContextEndRun,CompareFramework_Context,2,404;410
CompareFramework_Main.CF_RunMilestoneB_Final,CompareFramework_Main,CompareFramework_Reliability.CF_ValidateComparatorRules,CompareFramework_Reliability,1,396
CompareFramework_Main.CF_RunMilestoneC,CompareFramework_Main,CompareFramework_Audit.CF_AuditBegin,CompareFramework_Audit,1,422
CompareFramework_Main.CF_RunMilestoneC,CompareFramework_Main,CompareFramework_Audit.CF_AuditEnd,CompareFramework_Audit,2,428;434
CompareFramework_Main.CF_RunMilestoneC,CompareFramework_Main,CompareFramework_Audit.CF_AuditFail,CompareFramework_Audit,1,433
CompareFramework_Main.CF_RunMilestoneC,CompareFramework_Main,CompareFramework_Audit.CF_AuditSet,CompareFramework_Audit,2,426;427
CompareFramework_Main.CF_RunMilestoneC,CompareFramework_Main,CompareFramework_Context.CF_ContextBeginRun,CompareFramework_Context,1,423
CompareFramework_Main.CF_RunMilestoneC,CompareFramework_Main,CompareFramework_Context.CF_ContextEndRun,CompareFramework_Context,2,429;435
CompareFramework_Main.CF_RunMilestoneC,CompareFramework_Main,CompareFramework_Quality.CF_RunGlobalRegression,CompareFramework_Quality,1,425
CompareFramework_Main.CF_RunMilestoneC_Final,CompareFramework_Main,CompareFramework_Audit.CF_AuditBegin,CompareFramework_Audit,1,447
CompareFramework_Main.CF_RunMilestoneC_Final,CompareFramework_Main,CompareFramework_Audit.CF_AuditEnd,CompareFramework_Audit,2,457;463
CompareFramework_Main.CF_RunMilestoneC_Final,CompareFramework_Main,CompareFramework_Audit.CF_AuditFail,CompareFramework_Audit,1,462
CompareFramework_Main.CF_RunMilestoneC_Final,CompareFramework_Main,CompareFramework_Audit.CF_AuditSet,CompareFramework_Audit,3,454;455;456
CompareFramework_Main.CF_RunMilestoneC_Final,CompareFramework_Main,CompareFramework_Context.CF_ContextBeginRun,CompareFramework_Context,1,448
CompareFramework_Main.CF_RunMilestoneC_Final,CompareFramework_Main,CompareFramework_Context.CF_ContextEndRun,CompareFramework_Context,2,458;464
CompareFramework_Main.CF_RunMilestoneC_Final,CompareFramework_Main,CompareFramework_Quality.CF_RunGlobalRegression,CompareFramework_Quality,1,450
CompareFramework_Main.CF_RunMilestoneC_Final,CompareFramework_Main,CompareFramework_Scenarios.CF_BuildReleaseReadiness,CompareFramework_Scenarios,1,452
CompareFramework_Main.CF_RunMilestoneC_Final,CompareFramework_Main,CompareFramework_Scenarios.CF_RunAllBusinessScenarios,CompareFramework_Scenarios,1,451
CompareFramework_Main.CF_RunPerformanceProfiled,CompareFramework_Main,CompareFramework_Audit.CF_AuditBegin,CompareFramework_Audit,1,303
CompareFramework_Main.CF_RunPerformanceProfiled,CompareFramework_Main,CompareFramework_Audit.CF_AuditEnd,CompareFramework_Audit,3,311;325;332
CompareFramework_Main.CF_RunPerformanceProfiled,CompareFramework_Main,CompareFramework_Audit.CF_AuditFail,CompareFramework_Audit,1,331
CompareFramework_Main.CF_RunPerformanceProfiled,CompareFramework_Main,CompareFramework_Audit.CF_AuditSet,CompareFramework_Audit,1,324
CompareFramework_Main.CF_RunPerformanceProfiled,CompareFramework_Main,CompareFramework_Context.CF_ContextBeginRun,CompareFramework_Context,1,304
CompareFramework_Main.CF_RunPerformanceProfiled,CompareFramework_Main,CompareFramework_Context.CF_ContextEndRun,CompareFramework_Context,3,312;326;333
CompareFramework_Main.CF_RunPerformanceProfiled,CompareFramework_Main,CompareFramework_Performance.CF_PerfReset,CompareFramework_Performance,1,301
CompareFramework_Main.CF_RunPerformanceProfiled,CompareFramework_Main,CompareFramework_Performance.CF_PerfStart,CompareFramework_Performance,3,302;306;318
CompareFramework_Main.CF_RunPerformanceProfiled,CompareFramework_Main,CompareFramework_Performance.CF_PerfStop,CompareFramework_Performance,6,308;309;316;320;321;329
CompareFramework_Main.CF_RunPerformanceProfiled,CompareFramework_Main,CompareFramework_Performance.CF_PerfWriteReport,CompareFramework_Performance,3,310;322;330
CompareFramework_Main.CF_RunPerformanceProfiled,CompareFramework_Main,CompareFramework_Validation.CF_ValidateFramework,CompareFramework_Validation,1,307
CompareFramework_Main.CompareDetectedPairs,CompareFramework_Main,CompareFramework_Utils.FindNewSheetForBase,CompareFramework_Utils,1,85
CompareFramework_Main.CompareDetectedPairs,CompareFramework_Main,CompareFramework_Utils.IsOldSheetName,CompareFramework_Utils,1,84
CompareFramework_Main.CompareDetectedPairs,CompareFramework_Main,CompareFramework_Utils.IsReportOrStatsSheet,CompareFramework_Utils,1,82
CompareFramework_Main.CompareDetectedPairs,CompareFramework_Main,CompareFramework_Utils.PairBaseName,CompareFramework_Utils,1,83
CompareFramework_Main.CompareFallbackTwoSheets,CompareFramework_Main,CompareFramework_Report.WriteReportRow,CompareFramework_Report,1,118
CompareFramework_Main.CompareFallbackTwoSheets,CompareFramework_Main,CompareFramework_Utils.IsReportOrStatsSheet,CompareFramework_Utils,1,108
CompareFramework_Main.ComparerToutesLesFeuilles,CompareFramework_Main,CompareFramework_EngineMemory.CF_CompareAllSheetsInMemory,CompareFramework_EngineMemory,1,52
CompareFramework_Main.ComparerToutesLesFeuilles_Contextualisee,CompareFramework_Main,CompareFramework_Context.CF_ContextBeginRun,CompareFramework_Context,1,229
CompareFramework_Main.ComparerToutesLesFeuilles_Contextualisee,CompareFramework_Main,CompareFramework_Context.CF_ContextEndRun,CompareFramework_Context,2,234;240
CompareFramework_Main.ComparerToutesLesFeuilles_Contextualisee,CompareFramework_Main,CompareFramework_Context.CF_ContextSet,CompareFramework_Context,3,230;238;239
CompareFramework_Main.ComparerToutesLesFeuilles_Legacy,CompareFramework_Main,CompareFramework_Config.LoadCompareConfig,CompareFramework_Config,1,18
CompareFramework_Main.ComparerToutesLesFeuilles_Legacy,CompareFramework_Main,CompareFramework_Report.BuildActionPlan,CompareFramework_Report,1,35
CompareFramework_Main.ComparerToutesLesFeuilles_Legacy,CompareFramework_Main,CompareFramework_Report.FormatActionPlan,CompareFramework_Report,1,40
CompareFramework_Main.ComparerToutesLesFeuilles_Legacy,CompareFramework_Main,CompareFramework_Report.FormatAuditLog,CompareFramework_Report,1,41
CompareFramework_Main.ComparerToutesLesFeuilles_Legacy,CompareFramework_Main,CompareFramework_Report.FormatDashboard,CompareFramework_Report,1,39
CompareFramework_Main.ComparerToutesLesFeuilles_Legacy,CompareFramework_Main,CompareFramework_Report.FormatReport,CompareFramework_Report,1,37
CompareFramework_Main.ComparerToutesLesFeuilles_Legacy,CompareFramework_Main,CompareFramework_Report.FormatStats,CompareFramework_Report,1,38
CompareFramework_Main.ComparerToutesLesFeuilles_Legacy,CompareFramework_Main,CompareFramework_Report.PrepareSheet,CompareFramework_Report,5,13;14;15;16;17
CompareFramework_Main.ComparerToutesLesFeuilles_Legacy,CompareFramework_Main,CompareFramework_Report.WriteAuditLog,CompareFramework_Report,1,36
CompareFramework_Main.ComparerToutesLesFeuilles_Legacy,CompareFramework_Main,CompareFramework_Report.WriteDashboard,CompareFramework_Report,1,34
CompareFramework_Main.ComparerToutesLesFeuilles_Legacy,CompareFramework_Main,CompareFramework_Report.WriteGlobalSummary,CompareFramework_Report,1,33
CompareFramework_Main.ComparerToutesLesFeuilles_Legacy,CompareFramework_Main,CompareFramework_Report.WriteReportHeader,CompareFramework_Report,1,22
CompareFramework_Main.ComparerToutesLesFeuilles_Legacy,CompareFramework_Main,CompareFramework_Report.WriteStatsHeader,CompareFramework_Report,1,23
CompareFramework_Main.CompareSheetPair,CompareFramework_Main,CompareFramework_Config.FindIdColumn,CompareFramework_Config,2,146;147
CompareFramework_Main.CompareSheetPair,CompareFramework_Main,CompareFramework_Index.BuildIdIndex,CompareFramework_Index,2,159;160
CompareFramework_Main.CompareSheetPair,CompareFramework_Main,CompareFramework_Index.FindRowInIndex,CompareFramework_Index,2,172;188
CompareFramework_Main.CompareSheetPair,CompareFramework_Main,CompareFramework_Index.QuickSortIndex,CompareFramework_Index,2,162;163
CompareFramework_Main.CompareSheetPair,CompareFramework_Main,CompareFramework_Index.ReadHeaders,CompareFramework_Index,2,143;144
CompareFramework_Main.CompareSheetPair,CompareFramework_Main,CompareFramework_Index.ReportDuplicateIds,CompareFramework_Index,2,165;166
CompareFramework_Main.CompareSheetPair,CompareFramework_Main,CompareFramework_Report.WriteReportRow,CompareFramework_Report,3,150;174;190
CompareFramework_Main.CompareSheetPair,CompareFramework_Main,CompareFramework_Report.WriteStatsRow,CompareFramework_Report,2,154;196
CompareFramework_Main.CompareSheetPair,CompareFramework_Main,CompareFramework_Rules.CompareRowCellsDetailed,CompareFramework_Rules,1,178
CompareFramework_Main.CompareSheetPair,CompareFramework_Main,CompareFramework_Rules.ReportColumnDifferences,CompareFramework_Rules,1,168
CompareFramework_Main.CompareSheetPair,CompareFramework_Main,CompareFramework_Utils.FullRowText,CompareFramework_Utils,2,174;190
CompareFramework_Main.CompareSheetPair,CompareFramework_Main,CompareFramework_Utils.LastUsedCol,CompareFramework_Utils,2,140;141
CompareFramework_Main.CompareSheetPair,CompareFramework_Main,CompareFramework_Utils.LastUsedRow,CompareFramework_Utils,2,138;139
CompareFramework_Main.CompareSheetPair,CompareFramework_Main,CompareFramework_Utils.RowNumberText,CompareFramework_Utils,2,174;190
CompareFramework_Main.DiagnosticFramework_Contextualise,CompareFramework_Main,CompareFramework_Context.CF_ContextBeginRun,CompareFramework_Context,1,245
CompareFramework_Main.DiagnosticFramework_Contextualise,CompareFramework_Main,CompareFramework_Context.CF_ContextDumpToSheet,CompareFramework_Context,1,249
CompareFramework_Main.DiagnosticFramework_Contextualise,CompareFramework_Main,CompareFramework_Context.CF_ContextEndRun,CompareFramework_Context,1,248
CompareFramework_Main.DiagnosticFramework_Contextualise,CompareFramework_Main,CompareFramework_Context.CF_ContextSet,CompareFramework_Context,2,246;247
CompareFramework_Performance.CF_PerfWriteReport,CompareFramework_Performance,CompareFramework_Utils.CF_RoundCompat,CompareFramework_Utils,2,97;113
CompareFramework_Performance.CF_ReadSheetDataArray,CompareFramework_Performance,CompareFramework_Utils.LastUsedCol,CompareFramework_Utils,1,132
CompareFramework_Performance.CF_ReadSheetDataArray,CompareFramework_Performance,CompareFramework_Utils.LastUsedRow,CompareFramework_Utils,1,131
CompareFramework_Performance.CF_RunPerformanceBenchmark,CompareFramework_Performance,CompareFramework_Utils.IsReportOrStatsSheet,CompareFramework_Utils,1,145
CompareFramework_Profiles.CF_ApplyProfile,CompareFramework_Profiles,CompareFramework_Config.EnsureConfigSheet,CompareFramework_Config,1,66
CompareFramework_Profiles.CF_ApplyProfile,CompareFramework_Profiles,CompareFramework_Config.LoadCompareConfig,CompareFramework_Config,1,75
CompareFramework_Profiles.CF_ApplyProfile,CompareFramework_Profiles,CompareFramework_Context.CF_ContextSet,CompareFramework_Context,2,73;74
CompareFramework_Profiles.CF_ApplyProfile,CompareFramework_Profiles,CompareFramework_Utils.CellText,CompareFramework_Utils,5,67;68;69;70;71
CompareFramework_Profiles.CF_FindProfileRow,CompareFramework_Profiles,CompareFramework_Utils.CellText,CompareFramework_Utils,1,166
CompareFramework_Profiles.CF_FindProfileRow,CompareFramework_Profiles,CompareFramework_Utils.LastUsedRow,CompareFramework_Utils,1,163
CompareFramework_Profiles.CF_GetConfigValue,CompareFramework_Profiles,CompareFramework_Utils.CellText,CompareFramework_Utils,2,195;196
CompareFramework_Profiles.CF_GetConfigValue,CompareFramework_Profiles,CompareFramework_Utils.LastUsedRow,CompareFramework_Utils,1,192
CompareFramework_Profiles.CF_RunWithProfile,CompareFramework_Profiles,CompareFramework_Context.CF_ContextBeginRun,CompareFramework_Context,1,126
CompareFramework_Profiles.CF_RunWithProfile,CompareFramework_Profiles,CompareFramework_Context.CF_ContextEndRun,CompareFramework_Context,2,130;136
CompareFramework_Profiles.CF_RunWithProfile,CompareFramework_Profiles,CompareFramework_Context.CF_ContextSet,CompareFramework_Context,3,127;134;135
CompareFramework_Profiles.CF_RunWithProfile,CompareFramework_Profiles,CompareFramework_Main.ComparerToutesLesFeuilles,CompareFramework_Main,1,129
CompareFramework_Profiles.CF_SaveCurrentConfigAsProfile,CompareFramework_Profiles,CompareFramework_Config.EnsureConfigSheet,CompareFramework_Config,1,98
CompareFramework_Profiles.CF_SaveCurrentConfigAsProfile,CompareFramework_Profiles,CompareFramework_Utils.LastUsedRow,CompareFramework_Utils,1,100
CompareFramework_Profiles.CF_SetConfigValue,CompareFramework_Profiles,CompareFramework_Utils.CellText,CompareFramework_Utils,1,180
CompareFramework_Profiles.CF_SetConfigValue,CompareFramework_Profiles,CompareFramework_Utils.LastUsedRow,CompareFramework_Utils,1,177
CompareFramework_Profiles.CF_SetConfigValue,CompareFramework_Profiles,CompareFramework_Utils.SetCell,CompareFramework_Utils,3,181;186;187
CompareFramework_Profiles.CF_WriteProfileHeader,CompareFramework_Profiles,CompareFramework_Utils.SetCell,CompareFramework_Utils,7,141;142;143;144;145;146;147
CompareFramework_Profiles.CF_WriteProfileRow,CompareFramework_Profiles,CompareFramework_Config.NormalizeSpaces,CompareFramework_Config,1,155
CompareFramework_Profiles.CF_WriteProfileRow,CompareFramework_Profiles,CompareFramework_Utils.SetCell,CompareFramework_Utils,7,151;152;153;154;155;156;157
CompareFramework_Quality.CF_RunEndToEndScenario,CompareFramework_Quality,CompareFramework_Main.ComparerToutesLesFeuilles,CompareFramework_Main,1,29
CompareFramework_Quality.CF_RunGlobalRegression,CompareFramework_Quality,CompareFramework_EngineMemory.CF_RunMemoryEngineTests,CompareFramework_EngineMemory,1,139
CompareFramework_Quality.CF_RunGlobalRegression,CompareFramework_Quality,CompareFramework_Reliability.CF_RunMilestoneB_FinalTests,CompareFramework_Reliability,1,133
CompareFramework_Quality.CF_RunGlobalRegression,CompareFramework_Quality,CompareFramework_Tests.CF_RunAuditTests,CompareFramework_Tests,1,137
CompareFramework_Quality.CF_RunGlobalRegression,CompareFramework_Quality,CompareFramework_Tests.CF_RunContextTests,CompareFramework_Tests,1,134
CompareFramework_Quality.CF_RunGlobalRegression,CompareFramework_Quality,CompareFramework_Tests.CF_RunPerformanceTests,CompareFramework_Tests,1,138
CompareFramework_Quality.CF_RunGlobalRegression,CompareFramework_Quality,CompareFramework_Tests.CF_RunProfileTests,CompareFramework_Tests,1,135
CompareFramework_Quality.CF_RunGlobalRegression,CompareFramework_Quality,CompareFramework_Tests.CF_RunValidationTests,CompareFramework_Tests,1,136
CompareFramework_Reliability.CF_RunMilestoneB_FinalTests,CompareFramework_Reliability,CompareFramework_ComparatorConfig.CF_RunComparatorConfigTests,CompareFramework_ComparatorConfig,1,198
CompareFramework_Reliability.CF_RunMilestoneB_FinalTests,CompareFramework_Reliability,CompareFramework_Comparators.CF_RunTypedComparatorTests,CompareFramework_Comparators,1,197
CompareFramework_Report.ActionPriority,CompareFramework_Report,CompareFramework_Utils.NormalizeHeader,CompareFramework_Utils,3,232
CompareFramework_Report.BuildActionPlan,CompareFramework_Report,CompareFramework_Utils.CellText,CompareFramework_Utils,7,168;170;171;172;173;174;175
CompareFramework_Report.BuildActionPlan,CompareFramework_Report,CompareFramework_Utils.SetCell,CompareFramework_Utils,17,178;179;180;181;182;183;184;185;186;187;194;195;196;197;198;199;200
CompareFramework_Report.BuildHtmlReport,CompareFramework_Report,CompareFramework_Utils.HtmlEscape,CompareFramework_Utils,1,457
CompareFramework_Report.ExporterRapportHTML,CompareFramework_Report,CompareFramework_Utils.GetDocumentFolderPath,CompareFramework_Utils,1,423
CompareFramework_Report.ExporterRapportHTML,CompareFramework_Report,CompareFramework_Utils.WriteTextFile,CompareFramework_Utils,1,432
CompareFramework_Report.FormatActionPlan,CompareFramework_Report,CompareFramework_Utils.CellText,CompareFramework_Utils,1,310
CompareFramework_Report.FormatActionPlan,CompareFramework_Report,CompareFramework_Utils.LastUsedRow,CompareFramework_Utils,1,305
CompareFramework_Report.FormatReport,CompareFramework_Report,CompareFramework_Utils.CellText,CompareFramework_Utils,1,365
CompareFramework_Report.SheetToHtmlSection,CompareFramework_Report,CompareFramework_Utils.HtmlEscape,CompareFramework_Utils,3,535;536;540
CompareFramework_Report.SheetToHtmlTableOnly,CompareFramework_Report,CompareFramework_Utils.CellText,CompareFramework_Utils,5,559;576;578;580
CompareFramework_Report.SheetToHtmlTableOnly,CompareFramework_Report,CompareFramework_Utils.HtmlEscape,CompareFramework_Utils,4,571;578;580;593
CompareFramework_Report.WriteActionHeader,CompareFramework_Report,CompareFramework_Utils.SetCell,CompareFramework_Utils,10,205;206;207;208;209;210;211;212;213;214
CompareFramework_Report.WriteAuditLog,CompareFramework_Report,CompareFramework_Utils.SetCell,CompareFramework_Utils,22,266;267;270;271;273;274;276;277;279;280;282;283;285;286;288;289;291;292;294;295;297;298
CompareFramework_Report.WriteDashboard,CompareFramework_Report,CompareFramework_Utils.SetCell,CompareFramework_Utils,31,102;103;106;112;115;116;119;120;122;123;125;126;128;129;131;132;134;135;137;138;141;143;144;146;147;149;150;152;153;155;156
CompareFramework_Report.WriteGlobalSummary,CompareFramework_Report,CompareFramework_Utils.SetCell,CompareFramework_Utils,18,69;70;73;74;76;77;79;80;82;83;85;86;88;89;91;92;94;95
CompareFramework_Report.WriteReportHeader,CompareFramework_Report,CompareFramework_Utils.SetCell,CompareFramework_Utils,10,18;19;20;21;22;23;24;25;26;27
CompareFramework_Report.WriteReportRow,CompareFramework_Report,CompareFramework_Utils.SetCell,CompareFramework_Utils,10,31;32;33;34;35;36;37;38;39;40
CompareFramework_Report.WriteStatsHeader,CompareFramework_Report,CompareFramework_Utils.SetCell,CompareFramework_Utils,9,44;45;46;47;48;49;50;51;52
CompareFramework_Report.WriteStatsRow,CompareFramework_Report,CompareFramework_Utils.SetCell,CompareFramework_Utils,9,56;57;58;59;60;61;62;63;64
CompareFramework_Rules.CompareRowCellsDetailed,CompareFramework_Rules,CompareFramework_Config.ColumnIsIgnored,CompareFramework_Config,1,137
CompareFramework_Rules.CompareRowCellsDetailed,CompareFramework_Rules,CompareFramework_Config.IgnoreThisEmptyChange,CompareFramework_Config,1,145
CompareFramework_Rules.CompareRowCellsDetailed,CompareFramework_Rules,CompareFramework_Config.NormalizeCompareValue,CompareFramework_Config,2,142;143
CompareFramework_Rules.CompareRowCellsDetailed,CompareFramework_Rules,CompareFramework_Index.HeaderIndex,CompareFramework_Index,1,138
CompareFramework_Rules.CompareRowCellsDetailed,CompareFramework_Rules,CompareFramework_Report.WriteReportRow,CompareFramework_Report,1,147
CompareFramework_Rules.CompareRowCellsDetailed,CompareFramework_Rules,CompareFramework_Utils.CellText,CompareFramework_Utils,2,140;141
CompareFramework_Rules.CompareRowCellsDetailed,CompareFramework_Rules,CompareFramework_Utils.RowNumberText,CompareFramework_Utils,2,147
CompareFramework_Rules.EvaluateDifferenceRule,CompareFramework_Rules,CompareFramework_Config.NormalizeCompareValue,CompareFramework_Config,4,97;99
CompareFramework_Rules.LoadCompareRules,CompareFramework_Rules,CompareFramework_Config.ToBoolean,CompareFramework_Config,1,34
CompareFramework_Rules.LoadCompareRules,CompareFramework_Rules,CompareFramework_Utils.CellText,CompareFramework_Utils,9,24;34;35;37;38;39;40;41
CompareFramework_Rules.LoadCompareRules,CompareFramework_Rules,CompareFramework_Utils.LastUsedRow,CompareFramework_Utils,1,20
CompareFramework_Rules.LoadCompareRules,CompareFramework_Rules,CompareFramework_Utils.NormalizeHeader,CompareFramework_Utils,1,37
CompareFramework_Rules.ReportColumnDifferences,CompareFramework_Rules,CompareFramework_Config.ColumnIsIgnored,CompareFramework_Config,2,167;178
CompareFramework_Rules.ReportColumnDifferences,CompareFramework_Rules,CompareFramework_Index.HeaderIndex,CompareFramework_Index,2,167;178
CompareFramework_Rules.ReportColumnDifferences,CompareFramework_Rules,CompareFramework_Report.WriteReportRow,CompareFramework_Report,2,168;179
CompareFramework_Rules.RuleAppliesToColumn,CompareFramework_Rules,CompareFramework_Utils.NormalizeHeader,CompareFramework_Utils,1,70
CompareFramework_Rules.ValuesAreEquivalentByList,CompareFramework_Rules,CompareFramework_Config.NormalizeList,CompareFramework_Config,1,109
CompareFramework_Rules.ValuesAreEquivalentByList,CompareFramework_Rules,CompareFramework_Utils.NormalizeHeader,CompareFramework_Utils,2,107;108
CompareFramework_Rules.ValuesAreWithinNumericTolerance,CompareFramework_Rules,CompareFramework_Utils.AbsDiff,CompareFramework_Utils,1,123
CompareFramework_Rules.ValuesAreWithinNumericTolerance,CompareFramework_Rules,CompareFramework_Utils.IsNumericText,CompareFramework_Utils,3,118;119;120
CompareFramework_Rules.ValuesAreWithinNumericTolerance,CompareFramework_Rules,CompareFramework_Utils.ToNumber,CompareFramework_Utils,3,122;123
CompareFramework_Scenarios.CF_RunERPScenario,CompareFramework_Scenarios,CompareFramework_Main.ComparerToutesLesFeuilles,CompareFramework_Main,1,90
CompareFramework_Scenarios.CF_RunFinanceScenario,CompareFramework_Scenarios,CompareFramework_Main.ComparerToutesLesFeuilles,CompareFramework_Main,1,51
CompareFramework_Scenarios.CF_RunHRScenario,CompareFramework_Scenarios,CompareFramework_Main.ComparerToutesLesFeuilles,CompareFramework_Main,1,71
CompareFramework_Tests.CF_RunAuditTests,CompareFramework_Tests,CompareFramework_Audit.CF_AuditBegin,CompareFramework_Audit,1,420
CompareFramework_Tests.CF_RunAuditTests,CompareFramework_Tests,CompareFramework_Audit.CF_AuditDurationSeconds,CompareFramework_Audit,1,423
CompareFramework_Tests.CF_RunAuditTests,CompareFramework_Tests,CompareFramework_Audit.CF_AuditEnd,CompareFramework_Audit,1,424
CompareFramework_Tests.CF_RunAuditTests,CompareFramework_Tests,CompareFramework_Audit.CF_AuditGetRunId,CompareFramework_Audit,1,421
CompareFramework_Tests.CF_RunAuditTests,CompareFramework_Tests,CompareFramework_Audit.CF_AuditSet,CompareFramework_Audit,1,422
CompareFramework_Tests.CF_RunContextTests,CompareFramework_Tests,CompareFramework_Context.CF_ContextBeginRun,CompareFramework_Context,1,315
CompareFramework_Tests.CF_RunContextTests,CompareFramework_Tests,CompareFramework_Context.CF_ContextEndRun,CompareFramework_Context,1,317
CompareFramework_Tests.CF_RunContextTests,CompareFramework_Tests,CompareFramework_Context.CF_ContextGet,CompareFramework_Context,4,313;314;316;318
CompareFramework_Tests.CF_RunContextTests,CompareFramework_Tests,CompareFramework_Context.CF_ContextHas,CompareFramework_Context,1,311
CompareFramework_Tests.CF_RunContextTests,CompareFramework_Tests,CompareFramework_Context.CF_ContextReset,CompareFramework_Context,1,310
CompareFramework_Tests.CF_RunContextTests,CompareFramework_Tests,CompareFramework_Context.CF_ContextSet,CompareFramework_Context,1,312
CompareFramework_Tests.CF_RunMilestoneBTests,CompareFramework_Tests,CompareFramework_Comparators.CF_RunTypedComparatorTests,CompareFramework_Comparators,1,483
CompareFramework_Tests.CF_RunMilestoneBTests,CompareFramework_Tests,CompareFramework_EngineMemory.CF_RunMemoryEngineTests,CompareFramework_EngineMemory,1,484
CompareFramework_Tests.CF_RunPerformanceTests,CompareFramework_Tests,CompareFramework_Performance.CF_PerfReset,CompareFramework_Performance,1,467
CompareFramework_Tests.CF_RunPerformanceTests,CompareFramework_Tests,CompareFramework_Performance.CF_PerfStart,CompareFramework_Performance,1,468
CompareFramework_Tests.CF_RunPerformanceTests,CompareFramework_Tests,CompareFramework_Performance.CF_PerfStop,CompareFramework_Performance,1,469
CompareFramework_Tests.CF_RunPerformanceTests,CompareFramework_Tests,CompareFramework_Performance.CF_PerfWriteReport,CompareFramework_Performance,1,470
CompareFramework_Tests.CF_RunPerformanceTests,CompareFramework_Tests,CompareFramework_Performance.CF_ReadSheetDataArray,CompareFramework_Performance,1,465
CompareFramework_Tests.CF_RunProfileTests,CompareFramework_Tests,CompareFramework_Profiles.CF_EnsureProfilesSheet,CompareFramework_Profiles,1,362
CompareFramework_Tests.CF_RunValidationTests,CompareFramework_Tests,CompareFramework_Validation.CF_ValidateFramework,CompareFramework_Validation,1,396
CompareFramework_Tests.CF_TestProfileExists,CompareFramework_Tests,CompareFramework_Utils.CellText,CompareFramework_Utils,1,382
CompareFramework_Tests.CF_TestProfileExists,CompareFramework_Tests,CompareFramework_Utils.LastUsedRow,CompareFramework_Utils,1,381
CompareFramework_Validation.CF_CheckRequiredModules,CompareFramework_Validation,CompareFramework_Main.FrameworkManifest,CompareFramework_Main,1,153
CompareFramework_Validation.CF_RunValidated,CompareFramework_Validation,CompareFramework_Context.CF_ContextBeginRun,CompareFramework_Context,1,83
CompareFramework_Validation.CF_RunValidated,CompareFramework_Validation,CompareFramework_Context.CF_ContextEndRun,CompareFramework_Context,3,88;95;100
CompareFramework_Validation.CF_RunValidated,CompareFramework_Validation,CompareFramework_Context.CF_ContextSet,CompareFramework_Context,5,84;87;93;98;99
CompareFramework_Validation.CF_RunValidated,CompareFramework_Validation,CompareFramework_Main.ComparerToutesLesFeuilles,CompareFramework_Main,1,94
CompareFramework_Validation.CF_ValidateActiveProfile,CompareFramework_Validation,CompareFramework_Context.CF_ContextGet,CompareFramework_Context,1,45
